<?xml version="1.0" encoding="UTF-8"?>
<project-private xmlns="http://www.netbeans.org/ns/project-private/1">
    <data xmlns="http://www.netbeans.org/ns/make-project-private/1">
        <activeConfTypeElem>1</activeConfTypeElem>
        <activeConfIndexElem>1</activeConfIndexElem>
    </data>
    <editor-bookmarks xmlns="http://www.netbeans.org/ns/editor-bookmarks/2" lastBookmarkId="0"/>
    <open-files xmlns="http://www.netbeans.org/ns/projectui-open-files/2">
        <group>
            <file>file:/home/cocoma-reyes/Documents/TR/BE_temps_reel/dumber-master/software/raspberry/superviseur-robot/main.cpp</file>
            <file>file:/home/cocoma-reyes/Documents/TR/BE_temps_reel/dumber-master/software/raspberry/superviseur-robot/wrapper.c</file>
            <file>file:/home/cocoma-reyes/Documents/TR/BE_temps_reel/dumber-master/software/raspberry/superviseur-robot/lib/camera.cpp</file>
            <file>file:/home/cocoma-reyes/Documents/TR/BE_temps_reel/dumber-master/software/raspberry/superviseur-robot/tasks.cpp</file>
            <file>file:/home/cocoma-reyes/Documents/TR/BE_temps_reel/dumber-master/software/raspberry/superviseur-robot/lib/comrobot.cpp</file>
            <file>file:/home/cocoma-reyes/Documents/TR/BE_temps_reel/dumber-master/software/raspberry/superviseur-robot/lib/messages.cpp</file>
        </group>
    </open-files>
</project-private>
